keyword,search_volume,difficulty,cpc
app design,12000,45,12.50
mobile app design,8900,52,15.20
app development,15600,58,18.75
ios app design,5400,48,14.30
android app design,4200,46,13.80
app design agency,3200,55,22.40
app design company,2800,53,20.15
app design services,2100,49,16.80
app design cost,1800,42,11.25
app design portfolio,950,38,9.50
app design trends,1200,41,10.75
app design tools,800,35,8.90
app design tutorial,650,33,7.45
app design near me,1100,44,12.30
app design firm,1600,51,19.20
app design consultant,750,40,13.60
app design freelance,600,36,11.80
app design inspiration,450,29,6.75
app design examples,380,27,5.90
app design best practices,320,31,8.20
app design principles,280,25,4.50
app design guidelines,420,30,7.80
app design process,340,28,6.25
app design workflow,260,24,5.15
app design methodology,180,22,4.80
app design strategy,290,26,6.90
app design planning,220,23,5.40
app design research,310,29,7.20
app design user experience,890,43,14.60
app design user interface,720,39,12.80
app design ui ux,680,37,11.90
app design wireframes,420,32,8.75
app design prototypes,380,30,7.95
app design mockups,340,28,6.80
app design sketches,260,25,5.45
app design layouts,290,27,6.20
app design navigation,320,29,7.10
app design icons,280,26,5.80
app design typography,240,24,5.15
app design colors,310,28,6.90
app design branding,360,31,8.40
app design responsive,420,33,9.20
app design adaptive,180,22,4.60
app design cross platform,340,35,10.80
app design native,290,32,9.50
app design hybrid,260,30,8.90
app design progressive web app,220,28,7.60
app design flutter,380,34,11.20
app design react native,420,36,12.80
app design xamarin,180,25,6.40
app design ionic,240,27,7.20
app design cordova,160,23,5.80
app design phonegap,140,21,5.20
app design swift,320,31,10.40
app design kotlin,280,29,9.80
app design java,260,27,8.90
app design objective c,190,24,6.70
app design c#,220,26,7.50
app design xcode,310,30,10.20
app design android studio,290,28,9.60
app design visual studio,240,26,8.40
app design figma,520,35,13.20
app design sketch,480,33,12.60
app design adobe xd,380,31,11.40
app design invision,320,29,10.80
app design marvel,280,27,9.90
app design principle,260,25,8.70
app design framer,220,23,7.80
app design zeplin,190,21,6.90
app design abstract,160,19,6.20
app design avocode,140,18,5.80
app design craft,180,20,6.50
app design lunacy,120,17,5.40
app design gravit,100,16,5.10
app design canva,340,29,8.90
app design gimp,220,25,6.80
app design inkscape,180,23,6.20
app design affinity designer,160,21,5.90
app design affinity photo,140,19,5.60
app design affinity publisher,120,18,5.30
app design coreldraw,200,24,7.10
app design illustrator,420,32,12.40
app design photoshop,380,30,11.80
app design indesign,260,26,8.90
app design after effects,240,25,8.20
app design premiere pro,220,24,7.80
app design animate,180,22,6.90
app design dreamweaver,160,20,6.40
app design muse,140,19,6.10
app design fireworks,120,18,5.80
app design flash,100,17,5.50
app design air,80,16,5.20
app design catalyst,60,15,4.90
app design flex,40,14,4.60
app design builder,20,13,4.30
app design composer,10,12,4.00
app design architect,5,11,3.70
app design designer,3,10,3.40
app design developer,2,9,3.10
app design engineer,1,8,2.80
app design programmer,0,7,2.50
app design coder,0,6,2.20
app design hacker,0,5,1.90
app design maker,0,4,1.60
app design creator,0,3,1.30
app design builder,0,2,1.00
app design maker,0,1,0.70 